78151943, https://github.com/tommyip/ptlearn
78152967, https://github.com/lukaszdurkalec/CIO
78154823, https://github.com/yuzu-emu/yuzu
78162732, https://github.com/GGracieux/PartGen
78163375, https://github.com/cisco/arc
78165543, https://github.com/BlackhawkGaming/HighLifeRP
78165922, https://github.com/Schachte/WhereIsMyMoney
78174334, https://github.com/stadelmanma/tree-sitter-fortran
78181001, https://github.com/j6r/IST411
79056691, https://github.com/jayway/master-thesis-amanda-robin
79057846, https://github.com/TinyCrocodile/Coursedrawer
79058642, https://github.com/everescent/drqst
79060750, https://github.com/Kalior/clustering-genomic-signatures
79062644, https://github.com/volosti/django-volosti
79062732, https://github.com/yiweihsu/rhyme-machine
79065041, https://github.com/DeusCoNWeT/Sandbox
79065938, https://github.com/AntJesJM/MyVideoStudium
79067033, https://github.com/digital-york/oasis
79068332, https://github.com/plastic12/Java_Game
79077185, https://github.com/Nicopaku/Filerouge-Dentiste
79085214, https://github.com/melissabell456/myGarden
79085237, https://github.com/tonydisera/gene.iobio.vue
79089121, https://github.com/Code-Pop/vue-mastery
79090958, https://github.com/C0D3JUNKIE/GDCS
79091631, https://github.com/guinardpaul/MEAN-GP-Suivie
79095131, https://github.com/arthurgreef/sawtooth-uom
79101988, https://github.com/wangzhenjjcn/PUBG_HACK
79102030, https://github.com/3erepko/railway-ticket-platform
79107665, https://github.com/kingoruga/MummysRestaurant
79107878, https://github.com/jimistine/Zapper
79108555, https://github.com/pakiam/template
79109163, https://github.com/unosquare/tubular-react
79109760, https://github.com/gdarquie/mde
79119451, https://github.com/fabiorez/CsvCompare
79940242, https://github.com/andrewdalpino/Rubix
79940936, https://github.com/iceflake100/MazeRunner
79941230, https://github.com/smukk9/msandeep.io
79950638, https://github.com/alexwllms/grow-pivot-or-kill
79951688, https://github.com/oregon999/launch1
79954364, https://github.com/NoFoodsNoEntry/rice-blast-detection
81861930, https://github.com/pakutoma/mioWidget
81862769, https://github.com/Ispjotum/Oppgaver
81864760, https://github.com/ThommyDude/valentines-exercise
81866655, https://github.com/RUGSoftEng/2018-PyDash.io
81867865, https://github.com/michalwols/yann
81870319, https://github.com/RUGSoftEng/2018-Tuberculosis
85307153, https://github.com/Kernstall/Exadel-ats
85307178, https://github.com/yuchiu/Slack-Clone
85307203, https://github.com/controllerface/CMDR-J
85307645, https://github.com/SAEONData/Observations-Database
85307659, https://github.com/hydrogen2oxygen/markdownToHomepage
85307706, https://github.com/bwya77/Master-User-Creator
85307872, https://github.com/get-stackable/stackable-ui
85307976, https://github.com/knowit/hlf
85308019, https://github.com/writesandy/SSMRB
85308398, https://github.com/vexx32/PSKoans
85308855, https://github.com/yipcma/theleadbook
85308902, https://github.com/Skumb/G-Esport
85309314, https://github.com/ASbeletsky/LMS
85309467, https://github.com/xdk78/senren-backend
85309527, https://github.com/hankchizljaw/mybrowser.fyi-project
85309741, https://github.com/Pivotal/postfacto
85310255, https://github.com/WH2-WEC/eom_main
85310704, https://github.com/gopeak/masterlab
85310831, https://github.com/smandyscom/concept-edge-point-finder
85311111, https://github.com/CEA-COSMIC/pysap
85311174, https://github.com/tomeshnet/prototype-cjdns-pi
85311241, https://github.com/neptune-ml/open-solution-googleai-object-detection
85311580, https://github.com/andela/bp-esa-backend
85311913, https://github.com/keitakn/javascript-fp
85312020, https://github.com/MrDemonWolf/express-blog
85312061, https://github.com/hoe-si/new
85312091, https://github.com/DemocracyOS/core
85312239, https://github.com/ren-hoek/meta-extract
85312454, https://github.com/angell-co/Spoon
85312764, https://github.com/S2U2MLancer/mindfly
85313138, https://github.com/mikewheaton/lurn
85313423, https://github.com/brandingbrand/flagship
85313618, https://github.com/QChASM/Aaron
85313790, https://github.com/flang-compiler/f18
85313972, https://github.com/flyve-mdm/android-mdm-agent
85314180, https://github.com/QwantResearch/erdapfel
85314971, https://github.com/nestjs-community/nestjs-config
85315017, https://github.com/bungi3215/GameDev
85315263, https://github.com/joshuatvernon/deathstar
85315590, https://github.com/BordeauxOpt/Coluna.jl
85315628, https://github.com/wenlong-liu/getFertilizer
85315829, https://github.com/PhilSubs/AstroNotifPython
85315911, https://github.com/akitojp/products_app
85316024, https://github.com/Jannape/lim-2018-05-bc-core-am-socialnetwork
85316307, https://github.com/lyubolp/Booky
85316603, https://github.com/okpy/ok-client
85316605, https://github.com/dhleong/wish
85316829, https://github.com/home-assistant/home-assistant.io
85316858, https://github.com/rakamarafon/AirportWebAPI
85317276, https://github.com/Microsoft/VoTT
85317414, https://github.com/oSoc18/flandria-2050
85317435, https://github.com/msschwartz21/deltascope
85317710, https://github.com/AgroDataCube/api-v1
85317837, https://github.com/vueneue/vueneue
85317891, https://github.com/chloroExtractorTeam/chloroExtractor
85317975, https://github.com/CSCfi/rems
85318237, https://github.com/moneytrees/moneybags
85318944, https://github.com/hedhyw/Spacepal
85318994, https://github.com/ruler501/MagicEngine2
85319048, https://github.com/juangnakarani/kiosk
85319133, https://github.com/hristo-vrigazov/bromium
85319240, https://github.com/oSoc18/bitsoftrust
86394563, https://github.com/baptistefkt/my-first-relational-database-app
86394635, https://github.com/cocoon2butterfly/OneTouchMoneyManagement
86395470, https://github.com/nestjs-community/nestjs-braintree
86395487, https://github.com/revdancatt/correspondencr
86395596, https://github.com/ricardodantas/mealify-webapp
86396157, https://github.com/dohernandez/market-manager
86396362, https://github.com/pure-c/pure-c
86396832, https://github.com/fellnerse/stunning-autoencoders
86397280, https://github.com/brion/mtpng
86397591, https://github.com/digirati-co-uk/timeliner
86397675, https://github.com/sit-dp/eod
86398411, https://github.com/robusta-code/kanteen
86398496, https://github.com/uzh-bf/klicker-uzh
86398774, https://github.com/henrikhorluck/webtekgruppe13
86398941, https://github.com/tafcoder/sleek-dashboard
86399924, https://github.com/angular-klingon/klingon
86400129, https://github.com/skokaina/trackntrace
86400655, https://github.com/javascriptst18/resource-booking-system
86401605, https://github.com/ROCm-Developer-Tools/ROCmValidationSuite
86401619, https://github.com/dpausp/ekklesia-portal
86401866, https://github.com/Remsko/RTyrannosaurus
86402509, https://github.com/PyLadiesBerlin/website
86402564, https://github.com/kos-nuri/proto4Rapid
86402573, https://github.com/BBVA/patton-server
86404155, https://github.com/01pshe/chatbot
86404164, https://github.com/AoTanuki/DataEstructuresByDanfee
86404204, https://github.com/DiscoverAI/monty
86404871, https://github.com/hyperledger-labs/fabric-secure-chaincode
86405327, https://github.com/EverythingControlByChatting/ECC-main
86405571, https://github.com/iungpe/shiatsu-school
86408182, https://github.com/ulissigroup/GASpy
86408590, https://github.com/j1nx/MycroftOS
86409436, https://github.com/ModusCreateOrg/budgeting
86409817, https://github.com/Unpronounceablee/Surrexerunt
86410313, https://github.com/terezka/elm-charts
86410325, https://github.com/qr-bus/trab01
86411441, https://github.com/chartes/dico-topo-app
86411471, https://github.com/helmholtz-analytics/heat
86411842, https://github.com/neptune-ml/open-solution-salt-identification
86412796, https://github.com/ryry013/Rai
86413008, https://github.com/drkane/find-that-charity
86413615, https://github.com/smp-org/smp
86414045, https://github.com/sandstormports/wordpress-sandstorm
86414062, https://github.com/ISC-MakeIT/f_college_api
86414661, https://github.com/philips-software/cogito
86414750, https://github.com/maidsafe/safe-web-hosting-manager-electron
86414903, https://github.com/oraphaBorges/bordeau
86415357, https://github.com/znikola/vscode-es6-typescript-import-sorter
86415958, https://github.com/CS2103-AY1819S1-F11-3/main
86416434, https://github.com/singaporetech/eod
86416525, https://github.com/alepecho/leonardoRX
86417548, https://github.com/flavorjones/calendar-assistant
86418312, https://github.com/wsdt/Flying_Fishes
86418697, https://github.com/alec-hs/Flaxs-Arma-Server-Tool-2
86418932, https://github.com/dosandk/react-redux-starter
86420537, https://github.com/AlexKhotian/TechGrill
86421541, https://github.com/tortoise/tortoise-orm
86422024, https://github.com/letscodework/codework
86423327, https://github.com/BrunoMota18/PROJETO-IF977
86424666, https://github.com/sanjayshah2108/PassItOn
86424917, https://github.com/Ethan-Arrowood/camper-tracking-app
86424945, https://github.com/alexiynew/game_framework
86425890, https://github.com/immannino/SpotifyTelevision
86426137, https://github.com/AoTanuki/DataStructuresByDanfee
86426568, https://github.com/14nrv/vue-json-form-validate
86427405, https://github.com/3HMonkey/ClassicUO
86428211, https://github.com/qilin-editor/qilin-app
86428594, https://github.com/SofiaCPP/IPL
86429219, https://github.com/ramboxapp/community-edition
86429270, https://github.com/Liquid-Labs/catalyst-cli
86429395, https://github.com/MUTUAL-DE-SERVICIOS-AL-POLICIA/PVT-BE
86429536, https://github.com/pesoklp13/swagger-express-ts
86430754, https://github.com/osdagoso/CoProManager
86430919, https://github.com/flyve-mdm/docker-environment
86431013, https://github.com/DeltaRazero/UltraX
86431355, https://github.com/FlagBrew/Checkpoint
86431475, https://github.com/Skiparin/LSD_project
86432124, https://github.com/datauy/atuservicio
86432215, https://github.com/imnasnainaec/GraphPropertyDatabase
86432365, https://github.com/soberanesmajo/cdmx-2018-01-FE-markdown
86432413, https://github.com/transitabile1972/Transitabile-BH
86432548, https://github.com/nayutaco/lightning-dissector
86432822, https://github.com/yuliyanechet/homepage
86432933, https://github.com/nikita03565/FanucInterface
86433148, https://github.com/AudunWA/NewVRCastleDefense
86433389, https://github.com/TonyCioara/Check-Please
86434089, https://github.com/deadufvjm/egressos
86434107, https://github.com/MaciejPawlik/diet_manager
86434403, https://github.com/ChristChurchMayfair/ccm_jekyll_site
86434488, https://github.com/lucaspiressilveira/primeiroemprego
86434563, https://github.com/bunqCommunity/bunqDesktop
86434843, https://github.com/Octogonapus/OkapiLib
86435017, https://github.com/feiwang3311/Lantern
86435026, https://github.com/cde/project2
86435788, https://github.com/CodeForAfrica/HURUmap
86436919, https://github.com/YarosMJO/homepage
86437435, https://github.com/mvp4g/nalu
86437654, https://github.com/Itee/three-full
86438475, https://github.com/finianoneill/music-analysis
86439499, https://github.com/14nrv/vue-json-form
86439632, https://github.com/spartacus1011/wind_turbine_analyzer
86439955, https://github.com/lenybernard/raci-manager
86440051, https://github.com/lepertc/masters_paper
86442041, https://github.com/braianestd/anjo
86442732, https://github.com/dingyifei/vex.python3.6-source
86443223, https://github.com/MirEnovi/cdmx-2018-01-FE-markdown
86444303, https://github.com/BitsInBytes/DndBeyondExtension
86444942, https://github.com/TheLister/homelab
86446156, https://github.com/CSUN-SeniorDesign/matabit-infrastructure
86447193, https://github.com/Bradisswag/ProgrammingProject
86449077, https://github.com/flatlandchurch/chokhmah
86449208, https://github.com/stevenwaller/stevenwaller.io
86449316, https://github.com/Bill-Nye777/NotSlenderMan
86449905, https://github.com/ClubObsidian/DynamicGui
86450273, https://github.com/NL5/nl5_website
86450359, https://github.com/AntonyHanna/Symphony_Parser
86451173, https://github.com/epikt/cl-concerts-db
86451796, https://github.com/LASAC/sinba
86451877, https://github.com/bensheldon/project_list
86452190, https://github.com/8xprotocol/monorepo
86452625, https://github.com/MontoyaAndres/TecnoReciclaje
86454097, https://github.com/kels0la/finalProject
86454900, https://github.com/airavata-courses/kr2
86455720, https://github.com/benjaminwulf/Parlay-Golfer
86457244, https://github.com/kertmannik/electronic-voting
86458484, https://github.com/ielab/searchrefiner
86459576, https://github.com/VictorSepulveda1994/Graficador-Entidad-Relacion
86459920, https://github.com/SimonDamminga/Intro-Tour
86460208, https://github.com/wmo-im/wmds
86461647, https://github.com/LinaNaef/tral
86464386, https://github.com/javascriptst18/DARE-slutprojekt
86464532, https://github.com/Financial-Times/origami-proposals
86466927, https://github.com/BLUENCE/M5_Idol_lyrics
86467007, https://github.com/ishakuni/frontend
86467816, https://github.com/Chronasorg/chronas
86468746, https://github.com/kaket4n/ano
86469728, https://github.com/Stunning-Autoencoders/stunning-autoencoders
86469734, https://github.com/elmcip/elmcip
87297371, https://github.com/talha0113/MicrosoftAccountProfileInformation
87297608, https://github.com/AlanLoh/nenupy
87298092, https://github.com/OneArmyWorld/onearmy
87298550, https://github.com/perfectstrong/MeshIneBits
87298603, https://github.com/Penys/MoveMaster95
87299011, https://github.com/SirBasmati/The-Galvinator
87299325, https://github.com/madmonkey9/Shooo-Bomb
87299777, https://github.com/Arcue/Webshop_userDatabase
87300249, https://github.com/ThunderTeasers/Faze
87300325, https://github.com/hisptz/tracker-report-app
87300673, https://github.com/GerkeLab/curatedProstateData
87300704, https://github.com/WildCodeSchool/orleans-0918-php-cestmamaison
87301598, https://github.com/atomframework/web
87301705, https://github.com/torchbox/m-response
87301769, https://github.com/WildCodeSchool/orleans-0918-php-bernardiere
87301870, https://github.com/AnotherFoxGuy/memory-project
87302061, https://github.com/cunabula27/webdev_cunabula
87302221, https://github.com/JHilleri/projet_recherche_developpement
87302360, https://github.com/Microsoft/openenclave
87302829, https://github.com/Dommsday/Projet4_PHP
87302869, https://github.com/project-liberty/wallet
87304080, https://github.com/Awia00/Pilgrims
87304206, https://github.com/volzinnovation/HSPF-Knowledge-Graph
87304405, https://github.com/bgsu-pal/paclab-www
87304476, https://github.com/mythrex/OMR-Scanner
87304527, https://github.com/dwolfhub/fight2feed-api
87304654, https://github.com/SickChill/SickChill
87304770, https://github.com/ndvo/cochicho
87305140, https://github.com/Hitonoriol/MadSand
87305516, https://github.com/ENGworks-DEV/ENGyn
87305906, https://github.com/fac-14/eastendtradesguild
87306690, https://github.com/Pihl17/PCSS2018---TheRealGroup1-Client
87306977, https://github.com/liquidcronos/Drone-stabilisation-using-Optical-Flow-Gps-and-Inertial-Sensors
87307831, https://github.com/fac-14/sleuth-coop
87308119, https://github.com/iocenter/FieldOpt-Research
87308710, https://github.com/ErkHal/pocket-pilkki
87309360, https://github.com/IXG-Java-Team-03/JAVA-project
87309561, https://github.com/CS2113-AY1819S1-T16-2/main
87309593, https://github.com/LibreSolar/MPPT-Charger_Software
87309665, https://github.com/cdunster/hello-resin
